John	('mellencamp', 0.693996787071228)	('feingold', 0.6759278774261475)	('milton', 0.6577374935150146)	('piper', 0.6559374332427979)	('glenn', 0.6550517082214355)	('warren', 0.651236891746521)	('paul', 0.6419488787651062)	('edwards', 0.6402110457420349)	('ted', 0.6307432651519775)	('wesley', 0.6288958787918091)
wrong	('disgusted', 0.5364294648170471)	('confused', 0.5307308435440063)	('correct', 0.5303579568862915)	('exactly', 0.5154508948326111)	('saying', 0.5065730214118958)	('worng', 0.5044229030609131)	('else', 0.4994580149650574)	('mean', 0.4985610842704773)	('right', 0.4913804233074188)	('fault', 0.4869445562362671)
American	('australian', 0.7894234657287598)	('canadian', 0.7257567644119263)	('british', 0.7165343761444092)	('america', 0.6706750988960266)	('european', 0.6611987352371216)	('immigrant', 0.6555027365684509)	('colonialism', 0.6520930528640747)	('imperialist', 0.6512269377708435)	('indian', 0.6491541862487793)	('african', 0.6481283903121948)
lol	('haha', 0.8842917680740356)	('hahaha', 0.8776795864105225)	('yea', 0.8730431199073792)	('hehe', 0.8711715340614319)	('hahahaha', 0.8449219465255737)	('lmao', 0.8441823124885559)	('anyways', 0.8361391425132751)	('hahahah', 0.8352305889129639)	('hahah', 0.8325930833816528)	('hahahahah', 0.8236292004585266)
government	('govt', 0.8410332202911377)	('governments', 0.8290327787399292)	('goverment', 0.8036714792251587)	('policy', 0.7844098806381226)	('governmental', 0.7829525470733643)	('prc', 0.7770704030990601)	('mandate', 0.7761669754981995)	('federal', 0.7680325508117676)	('congress', 0.7608056664466858)	('edicts', 0.7560844421386719)
blog	('weblog', 0.8495886325836182)	('blogger', 0.7845075726509094)	('site', 0.7791824340820312)	('post', 0.7680588960647583)	('journal', 0.7666236162185669)	('entry', 0.7633059024810791)	('webpage', 0.7477696537971497)	('blogg', 0.7450277805328369)	('xanga', 0.7320125102996826)	('posts', 0.7307462692260742)
Iraq	('afghanistan', 0.8948651552200317)	('kosovo', 0.827070951461792)	('iran', 0.8048641681671143)	('sudan', 0.7945258617401123)	('terrorism', 0.772498369216919)	('israel', 0.7706693410873413)	('kuwait', 0.7562168836593628)	('libya', 0.745367169380188)	('chechnya', 0.7447572350502014)	('syria', 0.7397329807281494)
sucks	('sux', 0.7974599003791809)	('stinks', 0.7031487822532654)	('hate', 0.6749385595321655)	('sucked', 0.6619142293930054)	('sucky', 0.6175165772438049)	('hurts', 0.6139578223228455)	('shitty', 0.6089378595352173)	('isnt', 0.6049562096595764)	('suck', 0.5874330401420593)	('ugh', 0.579067587852478)
game	('tournament', 0.7989239692687988)	('tourney', 0.7750328779220581)	('games', 0.7638309001922607)	('pictionary', 0.7307320237159729)	('footy', 0.7185267806053162)	('ncaa', 0.7134753465652466)	('racquetball', 0.7106871604919434)	('frisbee', 0.7103510499000549)	('playoff', 0.7055020332336426)	('fps', 0.7037143707275391)
water	('liquid', 0.7552833557128906)	('chlorine', 0.7525418400764465)	('liquids', 0.7441083192825317)	('soapy', 0.7414156198501587)	('buckets', 0.7398750185966492)	('scalding', 0.7156994342803955)	('faucet', 0.7116420269012451)	('spigot', 0.7097390294075012)	('arsenic', 0.7069255113601685)	('droplets', 0.7059944868087769)
movie	('film', 0.8219155073165894)	('ladykillers', 0.7648242712020874)	('flick', 0.7634091973304749)	('shrek', 0.7619207501411438)	('movies', 0.7612685561180115)	('spiderman', 0.750773012638092)	('eurotrip', 0.7403332591056824)	('hellboy', 0.7339208126068115)	('braveheart', 0.7316306829452515)	('punisher', 0.7264318466186523)
project	('assignment', 0.7790944576263428)	('presentation', 0.7297224998474121)	('projects', 0.7115638852119446)	('thesis', 0.6995526552200317)	('program', 0.6914942264556885)	('module', 0.6859170198440552)	('research', 0.6822546124458313)	('portfolio', 0.6820507049560547)	('workshop', 0.6762128472328186)	('programme', 0.6615390777587891)
God	('lord', 0.7965435981750488)	('jesus', 0.7086998224258423)	('christ', 0.6867002248764038)	('goodness', 0.6825078725814819)	('gods', 0.6760758757591248)	('allah', 0.6591627597808838)	('righteousness', 0.6500605344772339)	('forgiveness', 0.6287158727645874)	('savior', 0.6253514289855957)	('obedience', 0.6205573081970215)
bar	('pub', 0.836327314376831)	('diner', 0.7467359900474548)	('tavern', 0.7424043416976929)	('bars', 0.7380585670471191)	('restaurant', 0.7221140265464783)	('lounge', 0.7162191867828369)	('nightclub', 0.7103502750396729)	('brewery', 0.7012942433357239)	('bellagio', 0.6921050548553467)	('cafe', 0.69045090675354)
song	('lyric', 0.7895255088806152)	('melody', 0.7583106160163879)	('ballad', 0.7473751306533813)	('album', 0.7418836951255798)	('lyrics', 0.7244356870651245)	('songs', 0.7240579128265381)	('ataris', 0.7067899703979492)	('remix', 0.6933015584945679)	('evanescence', 0.6904981732368469)	('outkast', 0.6880425214767456)
TV	('television', 0.8528038859367371)	('telly', 0.8506351113319397)	('tele', 0.7895709276199341)	('reruns', 0.7878580093383789)	('sportscenter', 0.7425089478492737)	('mtv', 0.7359804511070251)	('pbs', 0.7184245586395264)	('tlc', 0.717250406742096)	('hbo', 0.7149840593338013)	('wb', 0.7141255140304565)
town	('neighborhood', 0.7581677436828613)	('suburbs', 0.714827299118042)	('city', 0.7125353217124939)	('suburb', 0.6944584846496582)	('downtown', 0.6909024715423584)	('seoul', 0.6904319524765015)	('village', 0.6870033740997314)	('halifax', 0.6829875111579895)	('nyc', 0.6735170483589172)	('burbs', 0.6653827428817749)
team	('teams', 0.7462257742881775)	('varsity', 0.7403463125228882)	('jv', 0.7338123321533203)	('championship', 0.7332456111907959)	('squad', 0.7332345247268677)	('league', 0.7309601306915283)	('intramural', 0.726069450378418)	('roster', 0.719557523727417)	('goalie', 0.7141287922859192)	('ncaa', 0.7114270925521851)
book	('novel', 0.8200010061264038)	('books', 0.7263650894165039)	('notebook', 0.7191006541252136)	('novella', 0.715299129486084)	('eragon', 0.7076343894004822)	('nonfiction', 0.7051465511322021)	('manuscript', 0.703792929649353)	('paperback', 0.7019141316413879)	('tome', 0.6970763206481934)	('biography', 0.6940809488296509)
Bush	('dubya', 0.8368322253227234)	('gwb', 0.8040042519569397)	('soros', 0.7886795997619629)	('putin', 0.7391179800033569)	('bushies', 0.7362664341926575)	('pataki', 0.734322190284729)	('stephanopoulos', 0.7341328859329224)	('bushs', 0.7324681282043457)	('bushco', 0.7263214588165283)	('tenet', 0.7254222631454468)
Me	('him', 0.8338124752044678)	('them', 0.6786609888076782)	('her', 0.6375661492347717)	('us', 0.6223572492599487)	('mi', 0.6010938882827759)	('someone', 0.5816962718963623)	('myself', 0.5705252885818481)	('herself', 0.550744891166687)	('just', 0.5391262769699097)	('smile', 0.5250681638717651)
men	('women', 0.9234048128128052)	('males', 0.7574170827865601)	('females', 0.7496236562728882)	('youngsters', 0.7101132869720459)	('couples', 0.7007791996002197)	('teenagers', 0.6965620517730713)	('youths', 0.6953104734420776)	('prostitutes', 0.6875451803207397)	('americans', 0.6704186201095581)	('adults', 0.6698461771011353)
drink	('beer', 0.7808590531349182)	('chug', 0.7634670734405518)	('soda', 0.7557170391082764)	('gatorade', 0.7459230422973633)	('slurpee', 0.7444964647293091)	('carbonated', 0.7380789518356323)	('sodas', 0.7295330762863159)	('vodka', 0.7246958017349243)	('fizzy', 0.7226855158805847)	('caffeinated', 0.7103812098503113)
Kerry	('edwards', 0.8954178094863892)	('mccain', 0.8881123661994934)	('kerrys', 0.8005794882774353)	('ashcroft', 0.7877213954925537)	('veep', 0.7636592984199524)	('reelection', 0.7511320114135742)	('gop', 0.7434471845626831)	('gephardt', 0.741841733455658)	('nunziata', 0.7322700023651123)	('harkin', 0.7287676334381104)
red	('yellow', 0.8280677199363708)	('green', 0.7912964820861816)	('purple', 0.7909130454063416)	('blue', 0.7886122465133667)	('magenta', 0.7191696763038635)	('pink', 0.7176948189735413)	('striped', 0.708275556564331)	('black', 0.6920857429504395)	('turquoise', 0.6879501342773438)	('beret', 0.6767845749855042)
fear	('mistrust', 0.7478312253952026)	('hatred', 0.7327907085418701)	('complacency', 0.7156567573547363)	('despair', 0.7142084240913391)	('bitterness', 0.7051523923873901)	('loneliness', 0.7043604850769043)	('insecurity', 0.7003965973854065)	('negativity', 0.6965916752815247)	('helplessness', 0.692497968673706)	('jealousy', 0.6884861588478088)
food	('takeout', 0.7702832818031311)	('buffets', 0.7590285539627075)	('foods', 0.7424508333206177)	('seafood', 0.7394825220108032)	('snacks', 0.7340021729469299)	('pastries', 0.728626549243927)	('buffet', 0.7192782163619995)	('ramen', 0.7173824906349182)	('takeaway', 0.7162184715270996)	('sweets', 0.7137646675109863)
system	('systems', 0.7845324277877808)	('sytem', 0.7368664741516113)	('component', 0.6670953631401062)	('protocol', 0.6653974056243896)	('fpga', 0.6638591885566711)	('replication', 0.6612929105758667)	('automation', 0.660469114780426)	('mechanisms', 0.6539297103881836)	('encryption', 0.6509911417961121)	('configuration', 0.6456979513168335)
bus	('train', 0.8704003095626831)	('taxi', 0.8373300433158875)	('tram', 0.8353394269943237)	('mrt', 0.7848385572433472)	('greyhound', 0.7744817733764648)	('cab', 0.7739545702934265)	('ferry', 0.7560741901397705)	('lrt', 0.7547028064727783)	('subway', 0.734108567237854)	('buses', 0.727389931678772)
based	('relies', 0.7516212463378906)	('focuses', 0.7459325790405273)	('predicated', 0.7414288520812988)	('basing', 0.7221774458885193)	('premised', 0.7125186324119568)	('concentrates', 0.686476469039917)	('relied', 0.6575648188591003)	('focusing', 0.6497267484664917)	('relying', 0.6487838625907898)	('focussed', 0.6028807163238525)
ya	('yall', 0.8400037884712219)	('yas', 0.7553885579109192)	('youuu', 0.7430102825164795)	('yah', 0.7091661691665649)	('fli', 0.6932268142700195)	('wsup', 0.6923398971557617)	('meee', 0.6801363825798035)	('hun', 0.6783882975578308)	('darlin', 0.6748371124267578)	('muah', 0.6726300716400146)
America	('democracy', 0.7880372405052185)	('nation', 0.7681755423545837)	('imperialism', 0.7153278589248657)	('democracies', 0.7143368124961853)	('dictatorships', 0.7064359784126282)	('fascism', 0.7042971253395081)	('hegemony', 0.7035247087478638)	('socialism', 0.7029933929443359)	('capitalism', 0.7029221653938293)	('britain', 0.6987550258636475)
sleep	('bed', 0.7508994340896606)	('slp', 0.6369770765304565)	('sleeping', 0.630759596824646)	('nap', 0.5985333919525146)	('work', 0.5892543792724609)	('slept', 0.587445855140686)	('awake', 0.578734278678894)	('sleepy', 0.5621696710586548)	('relax', 0.5574197769165039)	('shower', 0.5468175411224365)
city	('suburbs', 0.7900655269622803)	('suburb', 0.7584728002548218)	('metropolis', 0.7340025901794434)	('countryside', 0.7312475442886353)	('seoul', 0.7137409448623657)	('town', 0.7125351428985596)	('belfast', 0.710136890411377)	('borough', 0.7013096809387207)	('northeast', 0.7009575366973877)	('northwest', 0.7009046077728271)
shirt	('sweatshirt', 0.8854672908782959)	('jacket', 0.8801125288009644)	('hoodie', 0.8429182767868042)	('tshirt', 0.8415251970291138)	('skirt', 0.8251930475234985)	('sweater', 0.8164048194885254)	('vest', 0.8094363808631897)	('bandana', 0.8033322095870972)	('hoody', 0.8024942874908447)	('hat', 0.8002974987030029)
pain	('numbness', 0.774170994758606)	('agony', 0.7397396564483643)	('pains', 0.7352882623672485)	('anguish', 0.7303495407104492)	('discomfort', 0.7178529500961304)	('sorrow', 0.7063141465187073)	('heartache', 0.692474365234375)	('sadness', 0.6840620040893555)	('tiredness', 0.674746036529541)	('bitterness', 0.671553373336792)
friend	('freind', 0.8640835881233215)	('housemate', 0.8131049871444702)	('roommate', 0.7910279631614685)	('roomate', 0.7784373760223389)	('buddy', 0.7703016996383667)	('girlfriend', 0.7641381025314331)	('pal', 0.7605596780776978)	('bestfriend', 0.7511547803878784)	('cousin', 0.7506335973739624)	('classmate', 0.7466556429862976)
car	('truck', 0.8716970682144165)	('jeep', 0.8471604585647583)	('minivan', 0.8023256063461304)	('driveway', 0.7755995988845825)	('lawnmower', 0.7252398729324341)	('tractor', 0.7240462899208069)	('mustang', 0.7226157188415527)	('bike', 0.72166907787323)	('vehicle', 0.7215648889541626)	('lorry', 0.7072139978408813)
oh	('ohh', 0.8586190938949585)	('ah', 0.7989121675491333)	('ohhh', 0.7964111566543579)	('aw', 0.7614414691925049)	('ahh', 0.7499150633811951)	('ohhhh', 0.7266412377357483)	('nevermind', 0.7040573358535767)	('ahhh', 0.6993471384048462)	('ooooh', 0.6860323548316956)	('darnit', 0.6775966882705688)
dog	('cat', 0.8831807374954224)	('puppy', 0.7976789474487305)	('kitten', 0.7413093447685242)	('hamster', 0.7257746458053589)	('mutt', 0.7111571431159973)	('dogs', 0.710527777671814)	('pug', 0.7087559103965759)	('doberman', 0.7073002457618713)	('rabbit', 0.6943100690841675)	('kitty', 0.6901599168777466)
Jesus	('christ', 0.8761128187179565)	('messiah', 0.7810407876968384)	('prophet', 0.7400696277618408)	('savior', 0.7390815615653992)	('apostles', 0.7156450748443604)	('crucifixion', 0.7123779058456421)	('galatians', 0.708965539932251)	('god', 0.7086998820304871)	('corinthians', 0.7072646617889404)	('resurrection', 0.706475019454956)
war	('terrorism', 0.7401567101478577)	('invasion', 0.7131743431091309)	('insurgency', 0.699435830116272)	('iraq', 0.6987379789352417)	('waging', 0.6923739314079285)	('soviets', 0.689106822013855)	('vietnam', 0.6843613982200623)	('communism', 0.6836737394332886)	('wwii', 0.6784639358520508)	('wwi', 0.6774355173110962)
ate	('cooked', 0.7111510634422302)	('drank', 0.6982512474060059)	('yum', 0.6496044993400574)	('eatin', 0.6459842920303345)	('gyro', 0.6405891180038452)	('barbecued', 0.6395991444587708)	('panera', 0.6390949487686157)	('chilled', 0.6299566030502319)	('pizza', 0.6270390152931213)	('hotdogs', 0.6264186501502991)
haha	('hahaha', 0.9580984115600586)	('hehe', 0.9362388849258423)	('hahah', 0.9355858564376831)	('hahha', 0.896511435508728)	('ahaha', 0.8915610313415527)	('lol', 0.8842917680740356)	('lolz', 0.8799576759338379)	('hahahah', 0.878953218460083)	('hahahaha', 0.8708915114402771)	('hahaa', 0.8566390872001648)
urlLink	('gawker', 0.6682900190353394)	('http', 0.6407849788665771)	('gothamist', 0.6324015855789185)	('wonkette', 0.6268033981323242)	('mcsweeney', 0.6249380707740784)	('sinful_misery', 0.6228073239326477)	('ign', 0.6176126003265381)	('instapundit', 0.6101032495498657)	('wsj', 0.6073487401008606)	('oxblog', 0.6062330603599548)
games	('tournaments', 0.7706473469734192)	('game', 0.7638307809829712)	('blackjack', 0.7391369938850403)	('pictionary', 0.7373746633529663)	('videogames', 0.7210221290588379)	('poker', 0.7206882238388062)	('scrabble', 0.7184365391731262)	('counterstrike', 0.7034354209899902)	('tourneys', 0.7000876069068909)	('starcraft', 0.6995826363563538)
Not	('isn', 0.5927709341049194)	('nt', 0.5578030347824097)	('isnt', 0.5409145355224609)	('don', 0.516369104385376)	('dont', 0.4900036156177521)	('wasn', 0.48690956830978394)	('nothing', 0.4803290069103241)	('never', 0.4758182466030121)	('doesn', 0.44938331842422485)	('though', 0.44447407126426697)
future	('futures', 0.5542082786560059)	('advancement', 0.5452005863189697)	('uncertainties', 0.5237266421318054)	('forseeable', 0.5180233716964722)	('meantime', 0.5117269158363342)	('ramifications', 0.510640025138855)	('world', 0.508922815322876)	('aspirations', 0.5053678750991821)	('foreseeable', 0.5016032457351685)	('failures', 0.5010117292404175)
computer	('pc', 0.8637030124664307)	('laptop', 0.8194186091423035)	('puter', 0.8115360736846924)	('comp', 0.7972053289413452)	('keyboard', 0.7028360366821289)	('desktop', 0.6958890557289124)	('computers', 0.6932596564292908)	('monitor', 0.6921159029006958)	('scanner', 0.6665694713592529)	('internet', 0.6624888181686401)
pay	('paid', 0.7240685224533081)	('payed', 0.7102770805358887)	('paying', 0.6897178888320923)	('reimburse', 0.6817800402641296)	('cost', 0.6294504404067993)	('pays', 0.6285588145256042)	('earn', 0.6148339509963989)	('refunded', 0.613686203956604)	('sell', 0.6121821403503418)	('refund', 0.6091863512992859)
site	('website', 0.9467111229896545)	('webpage', 0.8674659729003906)	('weblog', 0.8254306316375732)	('homepage', 0.8050479292869568)	('page', 0.7846546173095703)	('blog', 0.7791824340820312)	('link', 0.7672771215438843)	('blogger', 0.7602394819259644)	('forums', 0.7414116859436035)	('blogroll', 0.7317385673522949)
film	('documentary', 0.8554810285568237)	('movie', 0.8219155073165894)	('films', 0.7710673809051514)	('thriller', 0.7424511909484863)	('adaptation', 0.7348480224609375)	('storyline', 0.7146828174591064)	('flic', 0.71266770362854)	('sequel', 0.7055535912513733)	('ladykillers', 0.7015535831451416)	('cinematography', 0.6988057494163513)
information	('info', 0.7937532067298889)	('data', 0.7698730230331421)	('documentation', 0.7494364380836487)	('documents', 0.6777580976486206)	('informations', 0.6601452827453613)	('resources', 0.647415041923523)	('resource', 0.6462156772613525)	('databases', 0.6443500518798828)	('verification', 0.6392703652381897)	('metadata', 0.6329773664474487)
evil	('doers', 0.6911087036132812)	('unmitigated', 0.6842368841171265)	('satan', 0.6358407735824585)	('deceitful', 0.6263605952262878)	('spawn', 0.626239538192749)	('unholy', 0.6047893762588501)	('demon', 0.5919543504714966)	('demonic', 0.5908994078636169)	('triumph', 0.5842099189758301)	('undead', 0.5832619071006775)
article	('editorial', 0.767985463142395)	('column', 0.7662922143936157)	('excerpt', 0.7223817706108093)	('blurb', 0.7018417119979858)	('headline', 0.6955882906913757)	('artical', 0.6755232214927673)	('newsweek', 0.6686265468597412)	('wsj', 0.6637650728225708)	('slashdot', 0.6615743041038513)	('artice', 0.6573716402053833)
students	('teachers', 0.8548994064331055)	('professors', 0.8453681468963623)	('tutors', 0.7882868647575378)	('librarians', 0.7680972218513489)	('profs', 0.7616399526596069)	('faculty', 0.7545651197433472)	('lecturers', 0.7533824443817139)	('undergrads', 0.7470191717147827)	('applicants', 0.7434195876121521)	('schools', 0.7376630306243896)
clothes	('cloths', 0.8735146522521973)	('shoes', 0.8352403044700623)	('underwear', 0.7857199311256409)	('diapers', 0.7804111838340759)	('undies', 0.7729151248931885)	('jeans', 0.7408866286277771)	('socks', 0.7385103702545166)	('bras', 0.7369564771652222)	('sunglasses', 0.7292309999465942)	('pajamas', 0.7239425182342529)
Saturday	('sunday', 0.9597020149230957)	('friday', 0.953171968460083)	('thursday', 0.9090275764465332)	('tuesday', 0.8821902275085449)	('wednesday', 0.8800018429756165)	('monday', 0.8678871393203735)	('thurday', 0.8014061450958252)	('fri', 0.7278584241867065)	('wed', 0.7230215072631836)	('thurs', 0.715438187122345)
money	('cash', 0.788508415222168)	('monies', 0.7079861164093018)	('funds', 0.6862398386001587)	('moolah', 0.6669780015945435)	('profits', 0.6578439474105835)	('loot', 0.656241238117218)	('moola', 0.6492758989334106)	('dollars', 0.6449078321456909)	('dosh', 0.6443384885787964)	('debt', 0.6428762674331665)
English	('spanish', 0.8917982578277588)	('french', 0.7656074166297913)	('arabic', 0.7228388786315918)	('latin', 0.7202468514442444)	('vocab', 0.7157372236251831)	('german', 0.7150243520736694)	('language', 0.7145284414291382)	('sanskrit', 0.7084751129150391)	('algebra', 0.7083724737167358)	('preap', 0.6955912709236145)
body	('skin', 0.7904506921768188)	('abdomen', 0.7331178188323975)	('torso', 0.7299900054931641)	('chest', 0.7289843559265137)	('flesh', 0.7186688780784607)	('brain', 0.717806339263916)	('cornea', 0.7022262811660767)	('scalp', 0.6982934474945068)	('skull', 0.6958521604537964)	('pelvis', 0.6958218812942505)
support	('benefit', 0.6520146131515503)	('supports', 0.6449073553085327)	('respect', 0.6427687406539917)	('assistance', 0.6425967216491699)	('undermine', 0.6414221525192261)	('supporting', 0.6355278491973877)	('funding', 0.6239446401596069)	('cooperation', 0.6170023679733276)	('provide', 0.6167048215866089)	('promote', 0.6063557863235474)
eat	('cook', 0.7539156675338745)	('drink', 0.6985900402069092)	('snack', 0.6300275325775146)	('munch', 0.6282780170440674)	('ramen', 0.6193322539329529)	('bathe', 0.6152738332748413)	('reheat', 0.6088725328445435)	('ingest', 0.6071596741676331)	('buy', 0.6064741015434265)	('ate', 0.6042774319648743)
company	('suppliers', 0.6945809721946716)	('corporation', 0.6944334506988525)	('supplier', 0.6889990568161011)	('contractor', 0.6869320869445801)	('llc', 0.6849657297134399)	('vendor', 0.6830722093582153)	('broker', 0.6786806583404541)	('brokerage', 0.6782690286636353)	('retailer', 0.674357533454895)	('client', 0.6730419397354126)
dinner	('lunch', 0.8868610262870789)	('supper', 0.880723237991333)	('brunch', 0.8651677966117859)	('breakfast', 0.8242384195327759)	('bbq', 0.8057725429534912)	('barbeque', 0.7914776802062988)	('barbecue', 0.7670837044715881)	('cookout', 0.759750247001648)	('meal', 0.7493924498558044)	('applebees', 0.7491569519042969)
women	('men', 0.9234047532081604)	('females', 0.7838046550750732)	('males', 0.7673267126083374)	('adults', 0.7464832663536072)	('teenagers', 0.7298064231872559)	('couples', 0.7259333729743958)	('lesbians', 0.719706118106842)	('prostitutes', 0.7124371528625488)	('minorities', 0.6954250931739807)	('youngsters', 0.689010739326477)
light	('sunlight', 0.7903751134872437)	('glow', 0.7824850082397461)	('brightness', 0.7789719700813293)	('flickering', 0.7558598518371582)	('flicker', 0.745943009853363)	('mist', 0.7435380816459656)	('sky', 0.7392963171005249)	('bulb', 0.7289345264434814)	('clouds', 0.7259979844093323)	('incandescent', 0.7220782041549683)
crap	('shit', 0.9030399322509766)	('shite', 0.801559567451477)	('bullshit', 0.7088426351547241)	('stuff', 0.6607468128204346)	('rubbish', 0.654926061630249)	('sh', 0.6536731719970703)	('nonsense', 0.6252120137214661)	('bs', 0.6175788044929504)	('bollocks', 0.6113710403442383)	('junk', 0.6060314774513245)
store	('shop', 0.8371937870979309)	('supermarket', 0.7961330413818359)	('stores', 0.7773435115814209)	('walmart', 0.7494202852249146)	('bookstore', 0.7490299940109253)	('kroger', 0.7478857636451721)	('drugstore', 0.7408269643783569)	('kmart', 0.7313092350959778)	('walgreen', 0.7192304730415344)	('mall', 0.7176264524459839)
yeah	('yea', 0.9315811395645142)	('yah', 0.8289620876312256)	('yeh', 0.7907415628433228)	('lol', 0.7895879745483398)	('uh', 0.7883002758026123)	('um', 0.7856003642082214)	('umm', 0.7758438587188721)	('uhhhh', 0.77552330493927)	('anyways', 0.7686139941215515)	('yup', 0.7636649012565613)
Love	('adore', 0.6990039348602295)	('loving', 0.654062032699585)	('loved', 0.6540345549583435)	('cherish', 0.6268568634986877)	('loves', 0.6121909618377686)	('luv', 0.6051231622695923)	('hate', 0.6044113636016846)	('miss', 0.6043102145195007)	('trust', 0.5914732813835144)	('envy', 0.5876480937004089)
music	('techno', 0.807144284248352)	('oldies', 0.7611525058746338)	('musics', 0.7595223784446716)	('classical', 0.7574169635772705)	('electronica', 0.7525264024734497)	('reggae', 0.750937283039093)	('rnb', 0.7452349066734314)	('bluegrass', 0.737190842628479)	('ballads', 0.725415825843811)	('tunes', 0.7168171405792236)
feet	('foot', 0.8372543454170227)	('legs', 0.8087636828422546)	('toes', 0.7328361868858337)	('ankles', 0.7237055897712708)	('palms', 0.718903660774231)	('inches', 0.7165267467498779)	('knees', 0.7102974653244019)	('limbs', 0.7100721597671509)	('centimeters', 0.7081236839294434)	('shoulders', 0.6807889342308044)
hair	('fingernails', 0.7491916418075562)	('toenails', 0.7451688051223755)	('eyelashes', 0.741305947303772)	('beard', 0.716204047203064)	('tresses', 0.7120361328125)	('pigtails', 0.7115166187286377)	('nails', 0.7043026685714722)	('mane', 0.7009168267250061)	('hairs', 0.7008033394813538)	('skin', 0.7004802227020264)
walked	('ran', 0.8689523339271545)	('strolled', 0.8537955284118652)	('drove', 0.8478248119354248)	('wandered', 0.8290757536888123)	('cruised', 0.7896755933761597)	('sprinted', 0.7886853218078613)	('hurried', 0.7750661373138428)	('trudged', 0.7715654373168945)	('sauntered', 0.7674295902252197)	('stepped', 0.7637256383895874)
road	('highway', 0.8481495976448059)	('freeway', 0.785447895526886)	('interstate', 0.7769004106521606)	('roads', 0.7723840475082397)	('motorway', 0.755730152130127)	('trail', 0.7542015910148621)	('expressway', 0.7326289415359497)	('slopes', 0.7255998253822327)	('hwy', 0.7033323049545288)	('sidewalk', 0.7009251117706299)
problems	('difficulties', 0.8026210069656372)	('issues', 0.7743527889251709)	('troubles', 0.7568718194961548)	('problem', 0.7349041700363159)	('conflicts', 0.7190283536911011)	('disagreements', 0.6757677793502808)	('concerns', 0.659109354019165)	('complications', 0.6566512584686279)	('flaws', 0.6285649538040161)	('trouble', 0.6165872812271118)
important	('relevant', 0.6953665018081665)	('difficult', 0.6711301207542419)	('upsetting', 0.6703107357025146)	('discouraging', 0.6624619960784912)	('interesting', 0.6576023101806641)	('valuable', 0.6550750732421875)	('disheartening', 0.6529269218444824)	('gratifying', 0.6528422832489014)	('troubling', 0.6495944261550903)	('crucial', 0.6489502191543579)
morning	('afternoon', 0.886742353439331)	('evening', 0.7770838737487793)	('morn', 0.7458903789520264)	('moring', 0.7232673168182373)	('mornin', 0.6739006042480469)	('day', 0.6516863107681274)	('mornign', 0.6435864567756653)	('noon', 0.6204094290733337)	('mornings', 0.6193348169326782)	('weekend', 0.6153736114501953)
floor	('ledge', 0.7283024787902832)	('roof', 0.7132007479667664)	('balcony', 0.708143949508667)	('linoleum', 0.7010249495506287)	('windowsill', 0.6941126585006714)	('floors', 0.6914032697677612)	('chair', 0.6849018931388855)	('patio', 0.6827353239059448)	('carpet', 0.6822692155838013)	('sidewalk', 0.6797362565994263)
sister	('cousin', 0.9046241641044617)	('brother', 0.9001237750053406)	('niece', 0.8810552954673767)	('sis', 0.849668025970459)	('mom', 0.8494440317153931)	('neice', 0.8470101356506348)	('nephew', 0.8442543745040894)	('dad', 0.824461817741394)	('aunt', 0.8244485855102539)	('daughter', 0.8215400576591492)
songs	('tunes', 0.8270183205604553)	('remixes', 0.8184827566146851)	('lyrics', 0.8067984580993652)	('albums', 0.7966618537902832)	('bands', 0.7728919386863708)	('tracks', 0.754479169845581)	('choruses', 0.7512956857681274)	('recordings', 0.7474754452705383)	('compilations', 0.7395148277282715)	('ballads', 0.7367030382156372)
ran	('walked', 0.8689524531364441)	('raced', 0.7931277751922607)	('drove', 0.7847167253494263)	('sprinted', 0.7674522399902344)	('jumped', 0.7671891450881958)	('came', 0.7630652785301208)	('stepped', 0.7611414194107056)	('wandered', 0.760819137096405)	('strolled', 0.7605980634689331)	('snuck', 0.7570831775665283)
mouth	('nose', 0.784475564956665)	('tongue', 0.7840442657470703)	('nostrils', 0.7727361917495728)	('tounge', 0.7575228810310364)	('throat', 0.7281912565231323)	('ears', 0.7224572896957397)	('lips', 0.7158371210098267)	('gums', 0.7153522372245789)	('cock', 0.7145333886146545)	('eyes', 0.7109131813049316)
sense	('sence', 0.7798928618431091)	('mockery', 0.685356855392456)	('difference', 0.633639931678772)	('sacrifices', 0.5744288563728333)	('committment', 0.5688132047653198)	('pact', 0.5685652494430542)	('headway', 0.5678051710128784)	('tact', 0.5584166646003723)	('mistakes', 0.5530307292938232)	('inhibition', 0.5522829294204712)
level	('levels', 0.7394509315490723)	('competence', 0.6418657302856445)	('scorers', 0.6118438243865967)	('velocity', 0.6056570410728455)	('density', 0.6004725694656372)	('rate', 0.5973997116088867)	('utilization', 0.587507963180542)	('assertiveness', 0.5825262069702148)	('altitudes', 0.5822103023529053)	('robustness', 0.5813093185424805)
strong	('weak', 0.7869929075241089)	('stong', 0.750324010848999)	('willed', 0.6796090602874756)	('courageous', 0.6652284860610962)	('resilient', 0.6551024317741394)	('stubborn', 0.6374646425247192)	('resolute', 0.6350842118263245)	('sensitive', 0.623212993144989)	('powerful', 0.6201150417327881)	('idealistic', 0.6157606840133667)
Thursday	('tuesday', 0.9867688417434692)	('wednesday', 0.9851040244102478)	('monday', 0.9622533917427063)	('friday', 0.9584214091300964)	('sunday', 0.9196419715881348)	('saturday', 0.9090275168418884)	('wed', 0.829399585723877)	('thurday', 0.8121235370635986)	('tues', 0.8046160936355591)	('thurs', 0.8011534810066223)
strange	('weird', 0.8392518758773804)	('odd', 0.816559910774231)	('bizarre', 0.8059439063072205)	('wierd', 0.7969865202903748)	('peculiar', 0.7600191831588745)	('surreal', 0.7332168817520142)	('bizzare', 0.7182238101959229)	('creepy', 0.710901141166687)	('disturbing', 0.7017625570297241)	('unsettling', 0.6920570731163025)
hands	('arms', 0.8348000049591064)	('knees', 0.803551197052002)	('palms', 0.7825621962547302)	('fists', 0.7800959348678589)	('hand', 0.7504614591598511)	('lips', 0.7407903671264648)	('knuckles', 0.7392280697822571)	('toes', 0.7288476824760437)	('legs', 0.7288410663604736)	('elbows', 0.7264208793640137)
website	('site', 0.9467110633850098)	('webpage', 0.8903636932373047)	('homepage', 0.842107892036438)	('weblog', 0.8044023513793945)	('link', 0.7401762008666992)	('page', 0.7346867322921753)	('blog', 0.7301903367042542)	('newsletter', 0.7231379151344299)	('blogroll', 0.7202461957931519)	('archives', 0.7198075652122498)
power	('strength', 0.6543800234794617)	('capacity', 0.6529831886291504)	('powers', 0.6350309252738953)	('wealth', 0.63191819190979)	('dominance', 0.6303287744522095)	('ingenuity', 0.6246471405029297)	('authority', 0.6165152192115784)	('autonomy', 0.6146900653839111)	('energy', 0.6115332841873169)	('cohesion', 0.6060765385627747)
stupid	('dumb', 0.9125287532806396)	('retarded', 0.8047710657119751)	('silly', 0.7620991468429565)	('idiotic', 0.7542615532875061)	('lame', 0.7522189617156982)	('stoopid', 0.7324676513671875)	('pathetic', 0.6951465606689453)	('annoying', 0.6872379779815674)	('moronic', 0.6635642051696777)	('ridiculous', 0.655444860458374)
dark	('shrouded', 0.7191649675369263)	('gleaming', 0.7189846038818359)	('speckled', 0.7089900970458984)	('glows', 0.702290952205658)	('shadows', 0.6969655156135559)	('foggy', 0.6918084621429443)	('grey', 0.6865367889404297)	('mist', 0.6857446432113647)	('pale', 0.6773725748062134)	('shimmering', 0.6713278293609619)
hand	('arm', 0.7566785216331482)	('hands', 0.7504613995552063)	('cheek', 0.70561683177948)	('finger', 0.6715005040168762)	('shoulder', 0.6646450757980347)	('forehead', 0.6564802527427673)	('forearm', 0.6471095085144043)	('leg', 0.6457122564315796)	('tounge', 0.6426246166229248)	('arms', 0.6373926401138306)
state	('legislature', 0.6977266073226929)	('massachusetts', 0.6881476640701294)	('penitentiary', 0.670687735080719)	('missouri', 0.6565456390380859)	('legislatures', 0.6311426162719727)	('municipal', 0.6304013729095459)	('pennsylvania', 0.6293800473213196)	('illinois', 0.626977264881134)	('governor', 0.6268443465232849)	('commonwealth', 0.625139594078064)
class	('classes', 0.7440093755722046)	('math', 0.739242434501648)	('homeroom', 0.7207010984420776)	('algebra', 0.7087913751602173)	('chem', 0.7049490809440613)	('lecture', 0.7001501321792603)	('biology', 0.6991286277770996)	('chemistry', 0.6969248056411743)	('exam', 0.6954486966133118)	('calculus', 0.6938450932502747)
building	('buildings', 0.7261385917663574)	('dilapidated', 0.7115681171417236)	('courtyard', 0.6910808086395264)	('adjacent', 0.672856330871582)	('residential', 0.6709041595458984)	('roofs', 0.6613591909408569)	('perimeter', 0.6594974994659424)	('walkway', 0.6556206941604614)	('thatched', 0.644174337387085)	('subdivision', 0.643915057182312)
voice	('tone', 0.7344974279403687)	('ears', 0.676336407661438)	('raspy', 0.6760450005531311)	('monotone', 0.6751710176467896)	('voices', 0.6697214841842651)	('ear', 0.6603927612304688)	('throaty', 0.6465973854064941)	('shrill', 0.6377707719802856)	('nasally', 0.6311688423156738)	('tones', 0.6284234523773193)
rain	('snow', 0.7954908609390259)	('downpour', 0.7551127672195435)	('drizzle', 0.7265737652778625)	('thunder', 0.721673309803009)	('raindrops', 0.7178313732147217)	('downpours', 0.7151484489440918)	('thunderstorm', 0.70354825258255)	('sun', 0.7002020478248596)	('wind', 0.6971846222877502)	('sleet', 0.6963633298873901)
email	('mail', 0.9376450777053833)	('mails', 0.742098867893219)	('emails', 0.741032600402832)	('sms', 0.717610239982605)	('message', 0.6983627080917358)	('ims', 0.6963638067245483)	('invitation', 0.6775698661804199)	('messages', 0.6635376214981079)	('address', 0.6624218225479126)	('voicemail', 0.6577259302139282)
page	('site', 0.7846545577049255)	('webpage', 0.7486986517906189)	('website', 0.7346867322921753)	('pages', 0.7263804078102112)	('link', 0.7239950895309448)	('sidebar', 0.7039202451705933)	('archive', 0.7038803100585938)	('archives', 0.6967660188674927)	('republish', 0.6884129047393799)	('column', 0.6880357265472412)
wearing	('wore', 0.7467551231384277)	('wearin', 0.729723334312439)	('collared', 0.7282583117485046)	('unbuttoned', 0.7257351875305176)	('khaki', 0.6997994184494019)	('striped', 0.697726845741272)	('khakis', 0.6962947845458984)	('sleeveless', 0.6835303902626038)	('baggy', 0.6764801740646362)	('tanktop', 0.6651121973991394)
test	('exam', 0.8335494995117188)	('tests', 0.7917240858078003)	('chem', 0.7439031600952148)	('retest', 0.7216200828552246)	('bio', 0.7211268544197083)	('gre', 0.7185431718826294)	('midterm', 0.715803861618042)	('taks', 0.7131308913230896)	('quiz', 0.7103027701377869)	('maths', 0.7083717584609985)
band	('orchestra', 0.7396851778030396)	('drummer', 0.7382720708847046)	('concert', 0.7198299169540405)	('ska', 0.7086870670318604)	('choir', 0.706355094909668)	('drumline', 0.7058086395263672)	('choral', 0.6999725103378296)	('guitarist', 0.6949344873428345)	('vocalist', 0.6933330297470093)	('bassist', 0.69214928150177)
white	('black', 0.8199505805969238)	('red', 0.660981297492981)	('blue', 0.6314157247543335)	('yellow', 0.6290875673294067)	('striped', 0.6283508539199829)	('checkered', 0.6236376762390137)	('pastel', 0.6213631629943848)	('beige', 0.614864706993103)	('robed', 0.6129429936408997)	('grey', 0.6111425757408142)
interesting	('intresting', 0.8453701138496399)	('intersting', 0.8386539816856384)	('amusing', 0.8085712194442749)	('exciting', 0.7997133731842041)	('intriguing', 0.7945637702941895)	('entertaining', 0.7543690204620361)	('enlightening', 0.7294927835464478)	('enjoyable', 0.7271769046783447)	('fascinating', 0.7196794748306274)	('informative', 0.701363742351532)
cute	('adorable', 0.8312665224075317)	('sexy', 0.7809211015701294)	('hott', 0.7690767049789429)	('cool', 0.7511260509490967)	('funny', 0.7379233241081238)	('dorky', 0.6708697080612183)	('nice', 0.6667493581771851)	('sassy', 0.6639119386672974)	('chubby', 0.65464186668396)	('creepy', 0.6511186361312866)
people	('ppl', 0.7886806726455688)	('folks', 0.7218198776245117)	('individuals', 0.7209173440933228)	('teenagers', 0.7176799774169922)	('idiots', 0.7149646282196045)	('youngsters', 0.7125262022018433)	('others', 0.695534348487854)	('guys', 0.6932381987571716)	('peopel', 0.690322756767273)	('americans', 0.6853159666061401)
mom	('dad', 0.959113359451294)	('mum', 0.9045565128326416)	('grandma', 0.8805753588676453)	('sister', 0.8494440317153931)	('hubby', 0.8303375244140625)	('aunt', 0.797846257686615)	('grandmother', 0.7859717607498169)	('sis', 0.7833938002586365)	('grandpa', 0.7818976640701294)	('gramma', 0.7783830165863037)
understand	('know', 0.8351906538009644)	('believe', 0.7909607887268066)	('explain', 0.7866470217704773)	('recognize', 0.7587984800338745)	('realize', 0.7562183141708374)	('comprehend', 0.7521132826805115)	('think', 0.7257972955703735)	('realise', 0.7091535925865173)	('deny', 0.7013108730316162)	('tell', 0.6952800750732422)
using	('attaching', 0.6897182464599609)	('accessing', 0.6744085550308228)	('utilizing', 0.6688335537910461)	('modifying', 0.6584372520446777)	('formatted', 0.6567838191986084)	('usable', 0.6285302042961121)	('inventing', 0.6282685995101929)	('inserting', 0.6257166862487793)	('installing', 0.623188853263855)	('restarting', 0.6188269257545471)
cold	('humid', 0.7841382026672363)	('frigid', 0.7787832021713257)	('muggy', 0.7675468325614929)	('freezing', 0.7623453736305237)	('chilly', 0.7424861192703247)	('damp', 0.7344472408294678)	('scorching', 0.7286572456359863)	('brrrr', 0.7258011102676392)	('brrr', 0.721427321434021)	('icy', 0.7180165648460388)
church	('congregation', 0.71058189868927)	('parish', 0.7083038687705994)	('lutheran', 0.7079771757125854)	('synagogue', 0.6951833963394165)	('baptist', 0.6840993165969849)	('seminary', 0.6770520806312561)	('youth', 0.6760571002960205)	('deacon', 0.6689949035644531)	('presbyterian', 0.6672831773757935)	('temple', 0.666597306728363)
win	('clinch', 0.7106570601463318)	('lose', 0.7023499608039856)	('winning', 0.6718574166297913)	('wins', 0.6649914383888245)	('championship', 0.6609137654304504)	('bet', 0.6310729384422302)	('bucs', 0.6197070479393005)	('rematch', 0.61598801612854)	('compete', 0.6158022284507751)	('spurs', 0.6154768466949463)
gay	('bisexual', 0.7924371957778931)	('lesbian', 0.7745369672775269)	('homosexual', 0.7515408992767334)	('hetero', 0.7136210203170776)	('lesbians', 0.7117964029312134)	('heterosexual', 0.6970356702804565)	('transgendered', 0.6834291815757751)	('transgender', 0.6829357147216797)	('closeted', 0.6819599866867065)	('lesbo', 0.661679208278656)
control	('controll', 0.7304593324661255)	('controlled', 0.5975335836410522)	('power', 0.5680179595947266)	('controls', 0.5463025569915771)	('manipulate', 0.5418610572814941)	('influence', 0.5407274961471558)	('controlling', 0.5360264778137207)	('regulate', 0.5297386050224304)	('sustaining', 0.5267767906188965)	('absorption', 0.5190153121948242)
birthday	('bday', 0.9182750582695007)	('birfday', 0.7717529535293579)	('anniversary', 0.7177664041519165)	('brithday', 0.7060543298721313)	('belated', 0.6999590396881104)	('pressie', 0.6693146228790283)	('xmas', 0.6686272025108337)	('graduation', 0.6663779020309448)	('bdae', 0.6514605283737183)	('aniversary', 0.6461384892463684)
word	('phrase', 0.8330993056297302)	('sentence', 0.7032957077026367)	('words', 0.6885103583335876)	('language', 0.6664179563522339)	('verb', 0.663669228553772)	('punctuation', 0.6614629030227661)	('adjective', 0.6601017117500305)	('utterance', 0.6524713635444641)	('noun', 0.6452382206916809)	('slang', 0.6396228075027466)
young	('impressionable', 0.6402394771575928)	('precocious', 0.6324326395988464)	('feisty', 0.6221922636032104)	('thirtysomething', 0.6130661964416504)	('handsome', 0.6068995594978333)	('teenaged', 0.6026568412780762)	('unmarried', 0.5960985422134399)	('prepubescent', 0.5926867723464966)	('youngish', 0.5870115160942078)	('timid', 0.5786228775978088)
kill	('strangle', 0.7007702589035034)	('die', 0.6911970973014832)	('deprive', 0.6750353574752808)	('shoot', 0.6686874628067017)	('kidnap', 0.6646078824996948)	('punish', 0.6633128523826599)	('embarrass', 0.663109540939331)	('injure', 0.6540069580078125)	('commit', 0.6517391204833984)	('scare', 0.6466794013977051)
true	('truth', 0.608678936958313)	('untrue', 0.5957886576652527)	('naive', 0.5907653570175171)	('truthful', 0.5887353420257568)	('purest', 0.58609938621521)	('delusion', 0.5859494805335999)	('essence', 0.5811464786529541)	('romanticism', 0.5709528923034668)	('evident', 0.5698827505111694)	('undeniable', 0.5618044137954712)
door	('doors', 0.8012884855270386)	('window', 0.7458176016807556)	('gate', 0.7033288478851318)	('doorway', 0.7011805772781372)	('blinds', 0.6862245202064514)	('doorknob', 0.6840134859085083)	('creaked', 0.6592592000961304)	('knob', 0.6499003171920776)	('stairwell', 0.6247081756591797)	('hallway', 0.6242572665214539)
think	('know', 0.7998412847518921)	('worry', 0.7388772964477539)	('guess', 0.7370314598083496)	('understand', 0.7257972955703735)	('realize', 0.6869916319847107)	('say', 0.6842554807662964)	('believe', 0.6777647137641907)	('mean', 0.6773324012756348)	('forget', 0.6661713123321533)	('complain', 0.6640835404396057)
Day	('week', 0.7483223676681519)	('weekend', 0.7460081577301025)	('time', 0.713687539100647)	('evening', 0.7000131607055664)	('afternoon', 0.6824923157691956)	('night', 0.6616867780685425)	('morning', 0.6516861915588379)	('summer', 0.6472769379615784)	('dae', 0.6198805570602417)	('today', 0.6021667122840881)
ideas	('insights', 0.7139061689376831)	('suggestions', 0.7048516273498535)	('thoughts', 0.6981630325317383)	('opinions', 0.6951794624328613)	('observations', 0.681964635848999)	('recommendations', 0.6730719804763794)	('theories', 0.6643011569976807)	('explanations', 0.6445659399032593)	('concepts', 0.6425409317016602)	('philosophies', 0.6396020650863647)
college	('highschool', 0.8035650253295898)	('nyu', 0.7655200362205505)	('graduate', 0.7578389644622803)	('undergrad', 0.7253698110580444)	('stanford', 0.7242734432220459)	('school', 0.7233057022094727)	('university', 0.7200089693069458)	('ucla', 0.7194384336471558)	('uni', 0.7185035943984985)	('graduating', 0.7180189490318298)
beautiful	('gorgeous', 0.850125253200531)	('lovely', 0.7315376400947571)	('wonderful', 0.7313334941864014)	('magnificent', 0.7086962461471558)	('enchanting', 0.699073314666748)	('beatiful', 0.6967326402664185)	('stunning', 0.6786683797836304)	('lush', 0.6705523133277893)	('perfect', 0.6627999544143677)	('radiant', 0.6623693704605103)
trip	('trips', 0.7201917171478271)	('roadtrip', 0.7153370380401611)	('excursion', 0.7129741907119751)	('backpacking', 0.6858686208724976)	('jaunt', 0.6838785409927368)	('getaway', 0.6668219566345215)	('ride', 0.6574392914772034)	('vacation', 0.6519800424575806)	('hike', 0.6464022994041443)	('vaca', 0.6381860971450806)
link	('hyperlink', 0.7918716073036194)	('links', 0.7884752750396729)	('screenshot', 0.7780606746673584)	('bookmark', 0.7729376554489136)	('site', 0.7672770023345947)	('sidebar', 0.7595803737640381)	('website', 0.7401762008666992)	('click', 0.7379058599472046)	('homepage', 0.7252777814865112)	('page', 0.7239952087402344)
internet	('interweb', 0.7715833783149719)	('interent', 0.7071687579154968)	('net', 0.7044705152511597)	('dialup', 0.6932264566421509)	('broadband', 0.6910085678100586)	('wifi', 0.6664215326309204)	('web', 0.6642025113105774)	('online', 0.6638532280921936)	('computer', 0.6624887585639954)	('pc', 0.6496813893318176)
simple	('straightforward', 0.7528374791145325)	('simplistic', 0.6874281167984009)	('complicated', 0.6783526539802551)	('uncomplicated', 0.6675609350204468)	('trite', 0.6024376153945923)	('easy', 0.6021403074264526)	('contradictory', 0.5988931059837341)	('logical', 0.5948634147644043)	('clever', 0.5940844416618347)	('illogical', 0.5927567481994629)
black	('white', 0.8199505805969238)	('blue', 0.7056171894073486)	('striped', 0.7050164937973022)	('pasty', 0.6999989151954651)	('red', 0.6920857429504395)	('robed', 0.6745829582214355)	('beige', 0.6713360548019409)	('adder', 0.665942907333374)	('starched', 0.6659077405929565)	('grayish', 0.6632473468780518)
school	('college', 0.7233057022094727)	('skool', 0.720870852470398)	('junior', 0.7087098360061646)	('highschool', 0.700263261795044)	('class', 0.6905332207679749)	('schooler', 0.6735343933105469)	('uni', 0.6733666658401489)	('shcool', 0.6499607563018799)	('schoolers', 0.6460481882095337)	('schoool', 0.6331510543823242)
death	('imprisonment', 0.6468750238418579)	('untimely', 0.6315174698829651)	('demise', 0.6234561800956726)	('betrayal', 0.6118676662445068)	('resurrection', 0.6088488698005676)	('electrocution', 0.59934401512146)	('torment', 0.5944436192512512)	('throes', 0.5911402702331543)	('mourning', 0.5899226069450378)	('slaying', 0.5893802046775818)
personal	('own', 0.5732036828994751)	('subjective', 0.5574899911880493)	('innermost', 0.5565370321273804)	('generalized', 0.5552282333374023)	('profound', 0.5517181754112244)	('concerning', 0.5496633648872375)	('intellectual', 0.5477689504623413)	('regarding', 0.5442169308662415)	('specific', 0.5427550077438354)	('spiritual', 0.5421434640884399)
lunch	('dinner', 0.8868610262870789)	('breakfast', 0.8519105911254883)	('brunch', 0.8015661239624023)	('supper', 0.7896909713745117)	('mcd', 0.7253880500793457)	('bfast', 0.7089885473251343)	('brekkie', 0.7059000134468079)	('mcdonalds', 0.7036057710647583)	('ihop', 0.7020508050918579)	('luch', 0.7015286684036255)
issue	('argument', 0.6986353397369385)	('indictment', 0.6484261751174927)	('article', 0.6371029615402222)	('amendment', 0.637009859085083)	('abortion', 0.6113919019699097)	('legality', 0.6110457181930542)	('issues', 0.6090722680091858)	('endorsement', 0.6044358015060425)	('topic', 0.5928481817245483)	('agenda', 0.5927014946937561)
street	('sidewalk', 0.7680957317352295)	('streets', 0.7196214199066162)	('avenue', 0.7110216617584229)	('boulevard', 0.706862211227417)	('road', 0.6943902969360352)	('pier', 0.6883805990219116)	('corridor', 0.685117244720459)	('yonge', 0.6819553375244141)	('highway', 0.6809208393096924)	('isle', 0.6807270646095276)
tired	('sleepy', 0.8358709812164307)	('sick', 0.7979980707168579)	('bored', 0.7740512490272522)	('exhausted', 0.7537506818771362)	('lazy', 0.7152922749519348)	('knackered', 0.6935210227966309)	('tierd', 0.6920371055603027)	('cranky', 0.6865862607955933)	('groggy', 0.683497428894043)	('hungry', 0.6684275269508362)
walking	('strolling', 0.8208364844322205)	('zipping', 0.7662335634231567)	('wandering', 0.760823130607605)	('cruising', 0.7562791109085083)	('walked', 0.751327395439148)	('walkin', 0.7506523728370667)	('hobbling', 0.7302638292312622)	('running', 0.718350350856781)	('hopping', 0.7160173058509827)	('driving', 0.7074097394943237)
sex	('intercourse', 0.6725119352340698)	('threesomes', 0.6632301807403564)	('sexual', 0.6293343305587769)	('threesome', 0.6261608600616455)	('unprotected', 0.5934240818023682)	('consensual', 0.5817738771438599)	('premarital', 0.5757418274879456)	('bestiality', 0.5738696455955505)	('fornication', 0.5715843439102173)	('consentual', 0.5667903423309326)
children	('mothers', 0.7853984236717224)	('families', 0.7655755281448364)	('babies', 0.7275307178497314)	('kids', 0.725532054901123)	('adults', 0.7182215452194214)	('infants', 0.7089992165565491)	('daughters', 0.7028642296791077)	('grandchildren', 0.69402015209198)	('toddlers', 0.6929627060890198)	('husbands', 0.6879907846450806)
country	('nation', 0.8120732307434082)	('america', 0.6956422924995422)	('world', 0.6945951581001282)	('region', 0.6881510019302368)	('continent', 0.6728850603103638)	('democracies', 0.6525129675865173)	('society', 0.6434374451637268)	('province', 0.6420295834541321)	('democracy', 0.6376585960388184)	('territory', 0.6325130462646484)
history	('literature', 0.7320948243141174)	('geography', 0.7295727729797363)	('science', 0.7065235376358032)	('revisionist', 0.6884920597076416)	('humanities', 0.6534322500228882)	('archeology', 0.648798406124115)	('philosophy', 0.6464112401008606)	('mathematics', 0.6422089338302612)	('anthropology', 0.6388750672340393)	('economics', 0.6379220485687256)
movies	('films', 0.8118898868560791)	('movie', 0.7612684965133667)	('cartoons', 0.7386593818664551)	('dvds', 0.7129543423652649)	('videos', 0.7105897068977356)	('episodes', 0.6997811198234558)	('sitcoms', 0.6910128593444824)	('flicks', 0.6836473941802979)	('musicals', 0.6820178627967834)	('sequels', 0.6814625263214111)
Monday	('tuesday', 0.9697055816650391)	('thursday', 0.9622533917427063)	('wednesday', 0.958873987197876)	('friday', 0.9328353404998779)	('sunday', 0.9014521837234497)	('saturday', 0.8678871393203735)	('wed', 0.7986848950386047)	('tues', 0.7768564224243164)	('thurs', 0.7699511647224426)	('tomorrow', 0.7494229078292847)
die	('kill', 0.6911970973014832)	('suffocate', 0.6764773726463318)	('survive', 0.6685181856155396)	('starve', 0.6599242687225342)	('suffer', 0.6505582928657532)	('perish', 0.646308422088623)	('extinguish', 0.6235643625259399)	('bleed', 0.6229192018508911)	('cry', 0.6162528991699219)	('devour', 0.6148041486740112)
special	('rare', 0.595256507396698)	('unique', 0.5744197964668274)	('worthy', 0.49942195415496826)	('great', 0.49329131841659546)	('wonderful', 0.4842938780784607)	('momentous', 0.48222672939300537)	('specail', 0.47844842076301575)	('specific', 0.476237416267395)	('important', 0.47464412450790405)	('genuine', 0.47050803899765015)
feelings	('emotions', 0.8542760610580444)	('insecurities', 0.7534087896347046)	('thoughts', 0.7267045974731445)	('fears', 0.7110128402709961)	('frustrations', 0.6878194808959961)	('anger', 0.6845937371253967)	('unhappiness', 0.6818414330482483)	('beliefs', 0.6731866598129272)	('opinions', 0.6706397533416748)	('sentiments', 0.6666803956031799)
fucking	('fuckin', 0.8894281983375549)	('goddamn', 0.8388772010803223)	('friggin', 0.7949240803718567)	('freakin', 0.7894774675369263)	('cking', 0.7681620717048645)	('motherfucking', 0.7608588933944702)	('frickin', 0.7285441160202026)	('damn', 0.7177063226699829)	('fricken', 0.7142411470413208)	('fucken', 0.7106882333755493)
eating	('snacking', 0.7728350162506104)	('cooking', 0.7157480716705322)	('eatting', 0.6929366588592529)	('munching', 0.6735048890113831)	('digesting', 0.6640360951423645)	('grilling', 0.6466683149337769)	('eatin', 0.6453838348388672)	('crackers', 0.645058810710907)	('drinking', 0.6376286149024963)	('snack', 0.6359155774116516)
area	('neighborhoods', 0.6922184824943542)	('suburb', 0.691773533821106)	('vicinity', 0.688568115234375)	('perimeter', 0.6869307160377502)	('courtyard', 0.6853110790252686)	('neighborhood', 0.675281286239624)	('areas', 0.6747653484344482)	('enclave', 0.6731010675430298)	('facility', 0.6717140674591064)	('city', 0.6674625277519226)
sun	('sunlight', 0.7956621050834656)	('sky', 0.7095158696174622)	('clouds', 0.7048640847206116)	('rain', 0.7002020478248596)	('moon', 0.6802305579185486)	('mist', 0.6786835789680481)	('sunbeams', 0.677278995513916)	('breeze', 0.65684974193573)	('scorching', 0.6561489701271057)	('sunrays', 0.6493220329284668)
funny	('hilarious', 0.8389295339584351)	('scary', 0.8008596301078796)	('cool', 0.8004477620124817)	('hillarious', 0.7903712391853333)	('weird', 0.773148238658905)	('creepy', 0.7655109763145447)	('amusing', 0.7648294568061829)	('halarious', 0.7628992795944214)	('lame', 0.7570276856422424)	('freaky', 0.7518196702003479)
large	('small', 0.8380703330039978)	('huge', 0.6891769766807556)	('sizeable', 0.6622641086578369)	('massive', 0.6274111866950989)	('gigantic', 0.6094087958335876)	('sizable', 0.5993953347206116)	('tiny', 0.5873333215713501)	('giant', 0.5869003534317017)	('vast', 0.5759225487709045)	('enormous', 0.5634192228317261)
clean	('tidy', 0.7796897888183594)	('cleaning', 0.7377638816833496)	('cleaned', 0.7331283092498779)	('wash', 0.661224901676178)	('drying', 0.6415958404541016)	('washing', 0.6388000249862671)	('tidying', 0.6380152106285095)	('washer', 0.6279373168945312)	('tidied', 0.6228859424591064)	('scrub', 0.6178651452064514)
use	('apply', 0.685696005821228)	('utilize', 0.679738461971283)	('activate', 0.6594539880752563)	('attach', 0.6569439172744751)	('modify', 0.6454657316207886)	('customize', 0.6444271802902222)	('replace', 0.629436731338501)	('disable', 0.6168464422225952)	('create', 0.6110687255859375)	('add', 0.6097536683082581)
Hey	('hello', 0.7470241189002991)	('hi', 0.7374821901321411)	('sup', 0.7069583535194397)	('heya', 0.7050074338912964)	('wassup', 0.7043396234512329)	('ey', 0.6961784362792969)	('hiya', 0.6828769445419312)	('howdy', 0.663486123085022)	('ok', 0.6601786613464355)	('yo', 0.6537483930587769)
very	('extremely', 0.8296775221824646)	('quite', 0.7906261086463928)	('pretty', 0.7898043394088745)	('fairly', 0.7540323734283447)	('incredibly', 0.7503187656402588)	('exceedingly', 0.711672306060791)	('somewhat', 0.6927380561828613)	('too', 0.6899918913841248)	('terribly', 0.673703134059906)	('remarkably', 0.6616511344909668)
known	('referred', 0.6705955862998962)	('envisioned', 0.6700273156166077)	('seen', 0.668559730052948)	('chosen', 0.6675395369529724)	('regarded', 0.6623119115829468)	('considered', 0.6593854427337646)	('experienced', 0.655717134475708)	('observed', 0.6530658006668091)	('identified', 0.6442431807518005)	('described', 0.6316996812820435)
deep	('depths', 0.6096558570861816)	('murky', 0.5950940847396851)	('deepest', 0.5838016271591187)	('bubbling', 0.5710970163345337)	('hollow', 0.5693848133087158)	('quicksand', 0.5681480169296265)	('penetrating', 0.5599260926246643)	('calming', 0.5582916140556335)	('despair', 0.552850604057312)	('shallow', 0.54933762550354)
looked	('stared', 0.7832953333854675)	('glanced', 0.7428372502326965)	('gazed', 0.7159627676010132)	('glancing', 0.6907716989517212)	('glared', 0.6874487996101379)	('smiled', 0.6770904064178467)	('snapped', 0.6697510480880737)	('peered', 0.6610794067382812)	('peeked', 0.6466453075408936)	('looks', 0.6457476615905762)
running	('walking', 0.7183504104614258)	('zipping', 0.6989621520042419)	('plugging', 0.6680350303649902)	('jumping', 0.659081220626831)	('pulling', 0.6552333831787109)	('mucking', 0.6518471240997314)	('rushing', 0.6509609222412109)	('cruising', 0.6501861810684204)	('dragging', 0.6439411640167236)	('run', 0.6417527794837952)
high	('elementary', 0.684478759765625)	('low', 0.6503345966339111)	('elementry', 0.6190142631530762)	('highers', 0.6187111139297485)	('elem', 0.553068995475769)	('grad', 0.5271868705749512)	('secondary', 0.5243303179740906)	('highest', 0.5071601867675781)	('parochial', 0.5012407302856445)	('med', 0.49377089738845825)
experience	('experiences', 0.746606707572937)	('experiance', 0.6537951231002808)	('aspect', 0.6072743535041809)	('knowledge', 0.606524646282196)	('enriching', 0.5851227641105652)	('interaction', 0.5762545466423035)	('endeavor', 0.57448810338974)	('epiphany', 0.5652477741241455)	('understanding', 0.562900960445404)	('invigorating', 0.5571786165237427)
business	('banking', 0.7049340009689331)	('finance', 0.7024924755096436)	('investments', 0.6327292919158936)	('marketing', 0.6306422352790833)	('consulting', 0.6200981140136719)	('tourism', 0.6106692552566528)	('sector', 0.6093746423721313)	('accounting', 0.6089414358139038)	('company', 0.6054878234863281)	('financing', 0.6037976145744324)
room	('bedroom', 0.8506355285644531)	('basement', 0.8153506517410278)	('kitchen', 0.7843431234359741)	('bathroom', 0.7698636054992676)	('livingroom', 0.7655984163284302)	('closet', 0.7522163391113281)	('rooms', 0.7402000427246094)	('hallway', 0.730003833770752)	('foyer', 0.7241392135620117)	('cupboard', 0.723135232925415)
books	('novels', 0.8069901466369629)	('magazines', 0.7829012870788574)	('comics', 0.7585194110870361)	('paperbacks', 0.7290270924568176)	('book', 0.7263652086257935)	('articles', 0.7204400300979614)	('textbooks', 0.7192518711090088)	('cookbooks', 0.7102600336074829)	('notebooks', 0.709945797920227)	('journals', 0.7039174437522888)
changed	('deteriorated', 0.6295070052146912)	('improved', 0.6105930805206299)	('shifted', 0.6032740473747253)	('forgotten', 0.5993539690971375)	('outgrown', 0.5974831581115723)	('disappeared', 0.5894795656204224)	('shrunk', 0.588454008102417)	('waned', 0.5864371061325073)	('changing', 0.5853461027145386)	('revamped', 0.5756770372390747)
table	('tables', 0.7785143852233887)	('stool', 0.7260113954544067)	('countertop', 0.7054080963134766)	('bench', 0.6983225345611572)	('tray', 0.6840276718139648)	('kitchen', 0.671016275882721)	('sofa', 0.668968141078949)	('deck', 0.6643404960632324)	('chairs', 0.6595104932785034)	('desk', 0.6589605808258057)
man	('woman', 0.7577452063560486)	('boy', 0.7207634449005127)	('guy', 0.7134214043617249)	('fella', 0.6617038249969482)	('lad', 0.6525714993476868)	('mans', 0.6525264978408813)	('kid', 0.6351323127746582)	('girl', 0.6308208703994751)	('chap', 0.6280400156974792)	('bastard', 0.6272948384284973)
dance	('dancing', 0.7549099922180176)	('dances', 0.7357861995697021)	('disco', 0.7109425663948059)	('ballroom', 0.6746240854263306)	('sing', 0.6727417707443237)	('ballet', 0.6685495376586914)	('hula', 0.662490725517273)	('karaoke', 0.6623114347457886)	('waltz', 0.6574987769126892)	('jig', 0.6509780883789062)
boring	('sucky', 0.762165904045105)	('depressing', 0.749462902545929)	('tiring', 0.7486021518707275)	('borin', 0.7370973825454712)	('pointless', 0.6922149658203125)	('exciting', 0.6910394430160522)	('uneventful', 0.6868500709533691)	('dull', 0.6861133575439453)	('uninteresting', 0.6764792203903198)	('hectic', 0.6688048839569092)
form	('forms', 0.6528017520904541)	('dissemination', 0.6244933605194092)	('component', 0.6129754781723022)	('manifestation', 0.6074425578117371)	('context', 0.600146472454071)	('synthesis', 0.5825664401054382)	('semiology', 0.5699238181114197)	('structure', 0.5688652992248535)	('method', 0.5674216747283936)	('semblance', 0.5667471885681152)
